Timestamp,ADC Value,Voltage (V)
2026-10-09 21:23:33.071591,2733,2.202
2026-10-09 21:23:33.886967,2733,2.202
2026-10-09 21:23:34.496147,2735,2.204
2026-10-09 21:23:35.104171,2731,2.201
2026-10-09 21:23:35.917064,2734,2.203
2026-10-09 21:23:36.528256,2732,2.202
2026-10-09 21:23:37.340322,2735,2.204
2026-10-09 21:23:37.949924,2735,2.204
2026-10-09 21:23:38.761440,2741,2.209
2026-10-09 21:23:39.369757,2825,2.277
2026-10-09 21:23:40.180897,2959,2.385
2026-10-09 21:23:40.791876,3123,2.517
2026-10-09 21:23:41.607306,3239,2.61
2026-10-09 21:23:42.216753,3355,2.704
2026-10-09 21:23:43.027496,3463,2.791
2026-10-09 21:23:43.650772,3554,2.864
2026-10-09 21:23:44.263552,3687,2.971
2026-10-09 21:23:45.074556,3858,3.109
2026-10-09 21:23:45.680884,4019,3.239
2026-10-09 21:23:46.494147,4095,3.3
2026-10-09 21:23:47.102597,4095,3.3
2026-10-09 21:23:47.912781,4095,3.3
2026-10-09 21:23:48.525914,4095,3.3
2026-10-09 21:23:49.340661,4093,3.298
2026-10-09 21:23:49.947251,4095,3.3
2026-10-09 21:23:50.761210,4095,3.3
2026-10-09 21:23:51.369377,3753,3.024
2026-10-09 21:23:52.180836,3759,3.029
2026-10-09 21:23:52.788989,3483,2.807
2026-10-09 21:23:53.599431,3209,2.586
2026-10-09 21:23:54.211295,3075,2.478
2026-10-09 21:23:55.023371,2935,2.365
2026-10-09 21:23:55.631206,2743,2.21
2026-10-09 21:23:56.239926,2571,2.072
2026-10-09 21:23:57.051862,2430,1.958
2026-10-09 21:23:57.662166,2426,1.955
2026-10-09 21:23:58.472602,2327,1.875
2026-10-09 21:23:59.081994,2091,1.685
2026-10-09 21:23:59.894862,2039,1.643
2026-10-09 21:24:00.506248,1991,1.604
2026-10-09 21:24:01.319912,1999,1.611
2026-10-09 21:24:01.930329,1999,1.611
2026-10-09 21:24:02.743313,2001,1.613
2026-10-09 21:24:03.354518,2004,1.615
2026-10-09 21:24:04.168951,1999,1.611
2026-10-09 21:24:04.780432,2003,1.614
2026-10-09 21:24:05.590425,2000,1.612
2026-10-09 21:24:06.198353,2003,1.614
2026-10-09 21:24:06.809465,2003,1.614
2026-10-09 21:24:07.632920,1999,1.611
2026-10-09 21:24:08.241574,2002,1.613
2026-10-09 21:24:09.053605,2002,1.613
2026-10-09 21:24:09.660782,1999,1.611
2026-10-09 21:24:10.474764,1999,1.611
2026-10-09 21:24:11.080298,2003,1.614
2026-10-09 21:24:11.896019,1999,1.611
2026-10-09 21:24:12.506427,2003,1.614
2026-10-09 21:24:13.319307,1999,1.611
2026-10-09 21:24:13.929872,2000,1.612
2026-10-09 21:24:14.742924,1999,1.611
2026-10-09 21:24:15.355036,1999,1.611
2026-10-09 21:24:16.168065,2004,1.615
2026-10-09 21:24:16.779254,1999,1.611
2026-10-09 21:24:17.390073,2003,1.614
2026-10-09 21:24:18.206944,1999,1.611
2026-10-09 21:24:18.814892,2002,1.613
2026-10-09 21:24:19.625355,2003,1.614
2026-10-09 21:24:20.236476,1994,1.607
2026-10-09 21:24:21.049738,2003,1.614
2026-10-09 21:24:21.659382,1998,1.61
2026-10-09 21:24:22.476294,1999,1.611
2026-10-09 21:24:23.087336,2003,1.614
2026-10-09 21:24:23.901697,1999,1.611
2026-10-09 21:24:24.509065,2001,1.613
2026-10-09 21:24:25.321229,1999,1.611
2026-10-09 21:24:25.931241,2002,1.613
2026-10-09 21:24:26.740080,2002,1.613
2026-10-09 21:24:27.348959,2004,1.615
2026-10-09 21:24:27.973943,1999,1.611
2026-10-09 21:24:28.787062,1999,1.611
2026-10-09 21:24:29.394975,2015,1.624
2026-10-09 21:24:30.202247,1999,1.611
2026-10-09 21:24:30.811286,1999,1.611
2026-10-09 21:24:31.623385,2000,1.612
2026-10-09 21:24:32.232283,1989,1.603
2026-10-09 21:24:33.043031,1999,1.611
2026-10-09 21:24:33.652443,1997,1.609
2026-10-09 21:24:34.464330,2002,1.613
2026-10-09 21:24:35.070837,2003,1.614
2026-10-09 21:32:11.468850,999,0.805
2026-10-09 21:32:11.469169,2002,1.613
2026-10-09 21:32:11.469348,2003,1.614
2026-10-09 21:32:11.469501,2002,1.613
2026-10-09 21:32:11.469668,2001,1.613
2026-10-09 21:32:11.469818,2003,1.614
2026-10-09 21:32:11.469960,2003,1.614
2026-10-09 21:32:11.470101,1999,1.611
2026-10-09 21:32:11.470245,1999,1.611
2026-10-09 21:32:11.470390,2003,1.614
2026-10-09 21:32:11.470536,1999,1.611
2026-10-09 21:32:11.470674,1999,1.611
2026-10-09 21:32:11.470814,2003,1.614
2026-10-09 21:32:11.470957,2007,1.617
2026-10-09 21:32:11.471095,2001,1.613
2026-10-09 21:32:11.471238,2002,1.613
2026-10-09 21:32:11.471420,1999,1.611
2026-10-09 21:32:11.471566,2003,1.614
2026-10-09 21:32:11.471752,1999,1.611
2026-10-09 21:32:11.471968,2000,1.612
2026-10-09 21:32:11.472128,2001,1.613
2026-10-09 21:32:11.580455,200,0.161
2026-10-09 21:32:11.783443,1999,1.611
2026-10-09 21:32:12.595764,2003,1.614
2026-10-09 21:32:13.203870,1999,1.611
2026-10-09 21:32:14.015345,2001,1.613
2026-10-09 21:32:14.623587,2001,1.613
2026-10-09 21:32:15.236538,1999,1.611
2026-10-09 21:32:16.061042,2001,1.613
2026-10-09 21:32:16.868572,2001,1.613
2026-10-09 21:32:17.481233,1997,1.609
2026-10-09 21:32:18.087158,1998,1.61
2026-10-09 21:32:18.897988,2003,1.614
2026-10-09 21:32:19.507344,2002,1.613
2026-10-09 21:32:20.316359,1999,1.611
2026-10-09 21:32:20.924002,2002,1.613
2026-10-09 21:32:21.732409,2001,1.613
2026-10-09 21:32:22.345379,1999,1.611
2026-10-09 21:32:23.156650,2003,1.614
2026-10-09 21:32:23.765387,1999,1.611
2026-10-09 21:32:24.574104,2003,1.614
2026-10-09 21:32:25.183116,2002,1.613
2026-10-09 21:32:25.994847,2007,1.617
2026-10-09 21:32:26.615460,2000,1.612
2026-10-09 21:32:27.224501,2003,1.614
2026-10-09 21:32:28.034726,2002,1.613
2026-10-09 21:32:28.643705,2002,1.613
2026-10-09 21:32:29.453615,1998,1.61
2026-10-09 21:32:30.063187,2002,1.613
2026-10-09 21:32:30.875453,1997,1.609
2026-10-09 21:32:31.480165,1999,1.611
2026-10-09 21:32:32.291528,2001,1.613
2026-10-09 21:32:32.900211,2003,1.614
2026-10-09 21:32:33.710609,2019,1.627
2026-10-09 21:32:34.319473,2003,1.614
2026-10-09 21:32:35.131277,1999,1.611
2026-10-09 21:32:35.742046,2001,1.613
2026-10-09 21:32:36.557305,2002,1.613
2026-10-09 21:32:37.169128,2002,1.613
2026-10-09 21:32:37.983514,1999,1.611
2026-10-09 21:32:38.591854,1999,1.611
2026-10-09 21:32:39.201395,2001,1.613
2026-10-09 21:32:40.010496,1997,1.609
2026-10-09 21:32:40.630947,2001,1.613
2026-10-09 21:32:41.439686,1999,1.611
2026-10-09 21:32:42.046383,2003,1.614
2026-10-09 21:32:42.856326,1999,1.611
2026-10-09 21:32:43.463313,2005,1.616
2026-10-09 21:32:44.273753,2003,1.614
2026-10-09 21:32:44.881351,1999,1.611
2026-10-09 21:32:45.706236,2002,1.613
2026-10-09 21:32:46.317312,2001,1.613
2026-10-09 21:32:47.131808,2002,1.613
2026-10-09 21:32:47.743972,1999,1.611
2026-10-09 21:32:48.552014,2003,1.614
2026-10-09 21:32:49.159940,2001,1.613
2026-10-09 21:32:49.970495,2003,1.614
2026-10-09 21:32:50.582593,1999,1.611
2026-10-09 21:32:51.190574,1999,1.611
2026-10-09 21:32:52.000843,2003,1.614
2026-10-09 21:32:52.609389,1998,1.61
2026-10-09 21:32:53.418809,2009,1.619
2026-10-09 21:32:54.028921,1998,1.61
2026-10-09 21:32:54.839852,1999,1.611
2026-10-09 21:32:55.451449,1993,1.606
2026-10-09 21:32:56.260476,1999,1.611
2026-10-09 21:32:56.868959,1997,1.609
2026-10-09 21:32:57.681843,1999,1.611
2026-10-09 21:32:58.292797,1999,1.611
2026-10-09 21:32:59.102276,2003,1.614
2026-10-09 21:32:59.711072,1999,1.611
2026-10-09 21:33:00.521802,2001,1.613
2026-10-09 21:33:01.132555,1999,1.611
2026-10-09 21:33:01.945454,1999,1.611
2026-10-09 21:33:02.549468,2001,1.613
2026-10-09 21:33:03.360589,2003,1.614
2026-10-09 21:33:03.967847,2003,1.614
2026-10-09 21:33:04.575126,1999,1.611
2026-10-09 21:33:05.386517,1999,1.611
2026-10-09 21:33:05.996502,2000,1.612
2026-10-09 21:33:06.809310,2000,1.612
2026-10-09 21:33:07.420312,1999,1.611
2026-10-09 21:33:08.228113,1998,1.61
2026-10-09 21:33:08.839221,2002,1.613
2026-10-09 21:33:09.651493,2002,1.613
2026-10-09 21:33:10.257982,1999,1.611
2026-10-09 21:33:11.072931,1998,1.61
2026-10-09 21:33:11.685205,1999,1.611
2026-10-09 21:33:12.499237,2002,1.613
2026-10-09 21:33:13.109914,2002,1.613
2026-10-09 21:33:13.918167,2002,1.613
2026-10-09 21:33:14.527735,1999,1.611
2026-10-09 21:33:15.335958,2003,1.614
2026-10-09 21:33:15.943841,2001,1.613
2026-10-09 21:33:16.551510,1999,1.611
2026-10-09 21:33:17.376726,1999,1.611
2026-10-09 21:33:17.984725,1999,1.611
2026-10-09 21:33:18.795426,2003,1.614
2026-10-09 21:33:19.404233,1999,1.611
2026-10-09 21:33:20.211764,2003,1.614
2026-10-09 21:33:20.820242,2003,1.614
2026-10-09 21:33:21.631339,2002,1.613
2026-10-09 21:33:22.241928,2003,1.614
2026-10-09 21:33:23.053807,2001,1.613
2026-10-09 21:33:23.661764,2001,1.613
2026-10-09 21:33:24.475476,1998,1.61
2026-10-09 21:33:25.083096,1999,1.611
2026-10-09 21:33:25.895333,2003,1.614
2026-10-09 21:33:26.503411,1999,1.611
2026-10-09 21:33:27.314725,1999,1.611
2026-10-09 21:33:27.926033,2002,1.613
2026-10-09 21:33:28.734234,2001,1.613
2026-10-09 21:33:29.342309,1999,1.611
2026-10-09 21:33:29.952129,2003,1.614
2026-10-09 21:33:30.764822,2003,1.614
2026-10-09 21:33:31.372062,2000,1.612
2026-10-09 21:33:32.181161,2002,1.613
2026-10-09 21:33:32.790880,1999,1.611
2026-10-09 21:33:33.600941,1999,1.611
2026-10-09 21:33:34.209443,1999,1.611
2026-10-09 21:33:35.021711,1999,1.611
2026-10-09 21:33:35.630182,2003,1.614
2026-10-09 21:33:36.452191,1999,1.611
2026-10-09 21:33:37.061541,1999,1.611
2026-10-09 21:33:37.869525,2000,1.612
2026-10-09 21:33:38.481790,1999,1.611
2026-10-09 21:33:39.292836,2003,1.614
2026-10-09 21:33:39.899990,1999,1.611
2026-10-09 21:33:40.711622,2003,1.614
2026-10-09 21:33:41.322827,2002,1.613
2026-10-09 21:33:41.933595,1997,1.609
2026-10-09 21:33:42.747568,2003,1.614
2026-10-09 21:33:43.355164,1999,1.611
2026-10-09 21:33:44.169338,1999,1.611
2026-10-09 21:33:44.778257,2001,1.613
2026-10-09 21:33:45.584462,2003,1.614
2026-10-09 21:33:46.193199,1999,1.611
2026-10-09 21:33:47.008044,1998,1.61
2026-10-09 21:33:47.615497,1998,1.61
2026-10-09 21:33:48.428599,2000,1.612
2026-10-09 21:33:49.036109,2001,1.613
2026-10-09 21:33:49.861261,2001,1.613
2026-10-09 21:33:50.471295,1999,1.611
2026-10-09 21:33:51.281329,1999,1.611
2026-10-09 21:33:51.888611,1997,1.609
2026-10-09 21:33:52.699022,2003,1.614
2026-10-09 21:33:53.305370,1999,1.611
2026-10-09 21:33:53.919006,2002,1.613
2026-10-09 21:33:54.729739,1999,1.611
2026-10-09 21:33:55.340813,1999,1.611
2026-10-09 21:33:56.151043,1999,1.611
2026-10-09 21:33:56.757942,1999,1.611
2026-10-09 21:33:57.570350,2001,1.613
2026-10-09 21:33:58.177830,2003,1.614
2026-10-09 21:33:58.987226,2003,1.614
2026-10-09 21:33:59.593091,1999,1.611
2026-10-09 21:34:00.400469,2003,1.614
2026-10-09 21:34:01.007969,2006,1.617
2026-10-09 21:34:01.820067,2003,1.614
2026-10-09 21:34:02.433850,2001,1.613
2026-10-09 21:34:03.248520,2003,1.614
2026-10-09 21:34:03.853356,1999,1.611
2026-10-09 21:34:04.665069,1999,1.611
2026-10-09 21:34:05.272610,1998,1.61
2026-10-09 21:34:06.085006,1999,1.611
2026-10-09 21:34:06.691412,2002,1.613
2026-10-09 21:34:07.303154,2001,1.613
2026-10-09 21:34:08.125136,1999,1.611
2026-10-09 21:34:08.745458,2003,1.614
2026-10-09 21:34:09.556438,1998,1.61
2026-10-09 21:34:10.164283,2005,1.616
2026-10-09 21:34:10.976407,2003,1.614
2026-10-09 21:34:11.584322,1999,1.611
2026-10-09 21:34:12.392166,1997,1.609
2026-10-09 21:34:13.001736,1999,1.611
2026-10-09 21:34:13.812283,2001,1.613
2026-10-09 21:34:14.419473,1998,1.61
2026-10-09 21:34:15.233581,2005,1.616
2026-10-09 21:34:15.842223,1999,1.611
2026-10-09 21:34:16.652688,1999,1.611
2026-10-09 21:34:17.261362,1998,1.61
2026-10-09 21:34:17.869427,1997,1.609
2026-10-09 21:34:18.682796,2002,1.613
2026-10-09 21:34:19.289821,1999,1.611
2026-10-09 21:34:20.102390,2002,1.613
2026-10-09 21:34:20.707397,2002,1.613
2026-10-09 21:34:21.520378,1999,1.611
2026-10-09 21:34:22.126619,2001,1.613
2026-10-09 21:34:22.940632,2001,1.613
2026-10-09 21:34:23.552561,2009,1.619
2026-10-09 21:34:24.365855,1999,1.611
2026-10-09 21:34:24.977715,2005,1.616
2026-10-09 21:34:25.792977,1999,1.611
2026-10-09 21:34:26.404179,2001,1.613
2026-10-09 21:34:27.213573,1999,1.611
2026-10-09 21:34:27.820792,2003,1.614
2026-10-09 21:34:28.434358,2002,1.613
2026-10-09 21:34:29.259233,1998,1.61
2026-10-09 21:34:29.863686,1999,1.611
2026-10-09 21:34:30.675709,2002,1.613
2026-10-09 21:34:31.282850,2002,1.613
2026-10-09 21:34:32.093300,2001,1.613
2026-10-09 21:34:32.702859,2002,1.613
2026-10-09 21:34:33.513638,2002,1.613
2026-10-09 21:34:34.122630,1999,1.611
2026-10-09 21:34:34.934004,2000,1.612
2026-10-09 21:34:35.541308,2003,1.614
2026-10-09 21:34:36.364013,2002,1.613
2026-10-09 21:34:36.968270,2003,1.614
2026-10-09 21:34:37.777329,2003,1.614
2026-10-09 21:34:38.386561,1999,1.611
2026-10-09 21:34:39.198737,1998,1.61
2026-10-09 21:34:39.806064,1999,1.611
2026-10-09 21:34:40.420333,2000,1.612
2026-10-09 21:34:41.240546,1997,1.609
2026-10-09 21:34:41.849235,1998,1.61
2026-10-09 21:34:42.661985,1998,1.61
2026-10-09 21:34:43.273406,2003,1.614
2026-10-09 21:34:44.083508,1999,1.611
2026-10-09 21:34:44.691933,2003,1.614
2026-10-09 21:34:45.502450,2002,1.613
2026-10-09 21:34:46.112609,2002,1.613
2026-10-09 21:34:46.924674,1999,1.611
2026-10-09 21:34:47.529973,2001,1.613
2026-10-09 21:34:48.340483,2003,1.614
2026-10-09 21:34:48.948867,1999,1.611
2026-10-09 21:34:49.760678,2002,1.613
2026-10-09 21:34:50.369770,1998,1.61
2026-10-09 21:34:51.180680,1997,1.609
2026-10-09 21:34:51.786914,1999,1.611
2026-10-09 21:34:52.596723,1998,1.61
2026-10-09 21:34:53.205806,2002,1.613
2026-10-09 21:34:54.016949,1999,1.611
2026-10-09 21:34:54.625715,2001,1.613
2026-10-09 21:34:55.233973,1999,1.611
2026-10-09 21:34:56.044254,1994,1.607
2026-10-09 21:34:56.654538,1999,1.611
2026-10-09 21:34:57.464403,1999,1.611
2026-10-09 21:34:58.071572,1999,1.611
2026-10-09 21:34:58.882034,1998,1.61
2026-10-09 21:34:59.490774,2003,1.614
2026-10-09 21:35:00.303203,2002,1.613
2026-10-09 21:35:00.912217,2002,1.613
2026-10-09 21:35:01.725363,2003,1.614
2026-10-09 21:35:02.333629,2003,1.614
2026-10-09 21:35:03.143984,2003,1.614
2026-10-09 21:35:03.751811,2003,1.614
2026-10-09 21:35:04.564928,2003,1.614
2026-10-09 21:35:05.174239,2002,1.613
2026-10-09 21:35:05.982026,1999,1.611
2026-10-09 21:35:06.593246,2002,1.613
2026-10-09 21:35:07.401681,1999,1.611
2026-10-09 21:35:08.012146,1995,1.608
2026-10-09 21:35:08.822599,1998,1.61
2026-10-09 21:35:09.429700,1998,1.61
2026-10-09 21:35:10.038130,2003,1.614
2026-10-09 21:35:10.850855,1999,1.611
2026-10-09 21:35:11.463980,2002,1.613
2026-10-09 21:35:12.278211,2002,1.613
2026-10-09 21:35:12.886958,2003,1.614
2026-10-09 21:35:13.695475,1999,1.611
2026-10-09 21:35:14.303806,2003,1.614
2026-10-09 21:35:15.113686,1999,1.611
2026-10-09 21:35:15.721645,2003,1.614
2026-10-09 21:35:16.532018,2003,1.614
2026-10-09 21:35:17.141960,2001,1.613
2026-10-09 21:35:17.954277,2001,1.613
2026-10-09 21:35:18.563500,1999,1.611
2026-10-09 21:35:19.372550,2001,1.613
2026-10-09 21:35:19.981857,1999,1.611
2026-10-09 21:35:20.792727,2002,1.613
2026-10-09 21:35:21.400913,1999,1.611
2026-10-09 21:35:22.210847,1999,1.611
2026-10-09 21:35:22.820687,1999,1.611
2026-10-09 21:35:23.429475,2001,1.613
2026-10-09 21:35:24.253076,2002,1.613
2026-10-09 21:35:24.858225,2007,1.617
2026-10-09 21:35:25.668473,1995,1.608
2026-10-09 21:35:26.277036,2003,1.614
2026-10-09 21:35:27.089143,2003,1.614
2026-10-09 21:35:27.710036,1999,1.611
2026-10-09 21:35:28.523009,1999,1.611
2026-10-09 21:35:29.131145,2002,1.613
2026-10-09 21:35:29.943405,2003,1.614
2026-10-09 21:35:30.553411,2001,1.613
2026-10-09 21:35:31.364137,1998,1.61
2026-10-09 21:35:31.970083,2001,1.613
2026-10-09 21:35:32.786141,2003,1.614
2026-10-09 21:35:33.395011,2003,1.614
2026-10-09 21:35:34.003080,2002,1.613
2026-10-09 21:35:34.813378,1999,1.611
2026-10-09 21:35:35.433586,2003,1.614
2026-10-09 21:35:36.244656,1999,1.611
2026-10-09 21:35:36.852079,2003,1.614
2026-10-09 21:35:37.664121,1999,1.611
2026-10-09 21:35:38.271223,2005,1.616
2026-10-09 21:35:39.081786,1999,1.611
2026-10-09 21:35:39.687058,1997,1.609
2026-10-09 21:35:40.498295,1999,1.611
2026-10-09 21:35:41.108297,1999,1.611
2026-10-09 21:35:41.916890,2003,1.614
2026-10-09 21:35:42.528550,2002,1.613
2026-10-09 21:35:43.341347,1999,1.611
2026-10-09 21:35:43.950124,1999,1.611
2026-10-09 21:35:44.761247,2003,1.614
2026-10-09 21:35:45.368811,1998,1.61
2026-10-09 21:35:46.174553,1998,1.61
2026-10-09 21:35:46.783665,1997,1.609
2026-10-09 21:35:47.393280,2001,1.613
2026-10-09 21:35:48.202421,1999,1.611
2026-10-09 21:35:48.810493,1999,1.611
2026-10-09 21:35:49.621373,2004,1.615
2026-10-09 21:35:50.228253,2002,1.613
2026-10-09 21:35:51.040700,2001,1.613
2026-10-09 21:35:51.651112,1999,1.611
2026-10-09 21:35:52.465060,1997,1.609
2026-10-09 21:35:53.078662,2003,1.614
2026-10-09 21:35:53.890744,1983,1.598
2026-10-09 21:35:54.499697,1997,1.609
2026-10-09 21:35:55.309112,1999,1.611
2026-10-09 21:35:55.918532,2003,1.614
2026-10-09 21:35:56.726782,1999,1.611
2026-10-09 21:35:57.336038,1999,1.611
2026-10-09 21:35:58.146132,2001,1.613
2026-10-09 21:35:58.754171,1998,1.61
2026-10-09 21:35:59.563609,2003,1.614
2026-10-09 21:36:00.173057,2001,1.613
2026-10-09 21:36:00.984297,2001,1.613
2026-10-09 21:36:01.597181,2003,1.614
2026-10-09 21:36:02.202231,2003,1.614
2026-10-09 21:36:03.013470,1996,1.608
2026-10-09 21:36:03.625059,1999,1.611
2026-10-09 21:36:04.434569,1999,1.611
2026-10-09 21:36:05.044112,2003,1.614
2026-10-09 21:36:05.854262,1999,1.611
2026-10-09 21:36:06.461649,1999,1.611
2026-10-09 21:36:07.272742,2003,1.614
2026-10-09 21:36:07.880233,2002,1.613
2026-10-09 21:36:08.693491,1998,1.61
2026-10-09 21:36:09.301107,2003,1.614
2026-10-09 21:36:10.109878,2000,1.612
2026-10-09 21:36:10.716318,1998,1.61
2026-10-09 21:36:11.530321,2003,1.614
2026-10-09 21:36:12.141045,2001,1.613
2026-10-09 21:36:12.951528,1999,1.611
2026-10-09 21:36:13.563280,1999,1.611
2026-10-09 21:36:14.379012,1997,1.609
2026-10-09 21:36:14.987049,2003,1.614
2026-10-09 21:36:15.595452,2002,1.613
2026-10-09 21:36:16.402424,2005,1.616
2026-10-09 21:36:17.011186,1999,1.611
2026-10-09 21:36:17.824797,2003,1.614
2026-10-09 21:36:18.431689,1999,1.611
2026-10-09 21:36:19.241076,2003,1.614
2026-10-09 21:36:19.849866,2025,1.632
2026-10-09 21:36:20.661155,1996,1.608
2026-10-09 21:36:21.271281,2004,1.615
2026-10-09 21:36:22.082502,1999,1.611
2026-10-09 21:36:22.689210,1997,1.609
2026-10-09 21:36:23.502405,1995,1.608
2026-10-09 21:36:24.112831,1999,1.611
2026-10-09 21:36:24.922411,1999,1.611
2026-10-09 21:36:25.534136,1998,1.61
2026-10-09 21:36:26.346113,2001,1.613
2026-10-09 21:36:26.951957,2001,1.613
2026-10-09 21:36:27.764143,1991,1.604
2026-10-09 21:36:28.374867,2005,1.616
2026-10-09 21:36:28.987266,2001,1.613
2026-10-09 21:36:29.809132,1999,1.611
2026-10-09 21:36:30.415601,2003,1.614
2026-10-09 21:36:31.227490,2003,1.614
2026-10-09 21:36:31.835578,1999,1.611
2026-10-09 21:36:32.647182,2002,1.613
2026-10-09 21:36:33.256237,2000,1.612
2026-10-09 21:36:34.069045,2003,1.614
2026-10-09 21:36:34.677031,1999,1.611
2026-10-09 21:36:35.487324,1999,1.611
2026-10-09 21:36:36.096134,2002,1.613
2026-10-09 21:36:36.904987,1997,1.609
2026-10-09 21:36:37.513117,2002,1.613
2026-10-09 21:36:38.321576,1999,1.611
2026-10-09 21:36:38.929175,2003,1.614
2026-10-09 21:36:39.740454,2003,1.614
2026-10-09 21:36:40.347458,1999,1.611
2026-10-09 21:36:41.158886,2010,1.62
2026-10-09 21:36:41.771668,2003,1.614
2026-10-09 21:36:42.379036,1999,1.611
2026-10-09 21:36:43.188715,2000,1.612
2026-10-09 21:36:43.797879,2003,1.614
2026-10-09 21:36:44.608990,2001,1.613
2026-10-09 21:36:45.220273,1997,1.609
2026-10-09 21:36:46.030931,2003,1.614
2026-10-09 21:36:46.636760,1999,1.611
2026-10-09 21:36:47.448944,2001,1.613
2026-10-09 21:36:48.058793,1998,1.61
2026-10-09 21:36:48.866144,1998,1.61
2026-10-09 21:36:49.473981,2004,1.615
2026-10-09 21:36:50.284187,2003,1.614
2026-10-09 21:36:50.891453,2003,1.614
2026-10-09 21:36:51.702032,1999,1.611
2026-10-09 21:36:52.307906,2003,1.614
2026-10-09 21:36:53.118920,2004,1.615
2026-10-09 21:36:53.725231,2001,1.613
2026-10-09 21:36:54.535842,2003,1.614
2026-10-09 21:36:55.144016,1999,1.611
2026-10-09 21:36:55.953535,1998,1.61
2026-10-09 21:36:56.564613,1999,1.611
2026-10-09 21:36:57.177076,2003,1.614
2026-10-09 21:36:57.991329,1999,1.611
2026-10-09 21:36:58.610938,2002,1.613
2026-10-09 21:36:59.420900,2002,1.613
2026-10-09 21:37:00.023881,2004,1.615
2026-10-09 21:37:00.835800,1999,1.611
2026-10-09 21:37:01.442878,1998,1.61
2026-10-09 21:37:02.256336,2000,1.612
2026-10-09 21:37:02.862104,1999,1.611
2026-10-09 21:37:03.669917,1998,1.61
2026-10-09 21:37:04.277183,1997,1.609
2026-10-09 21:37:05.089875,2003,1.614
2026-10-09 21:37:05.697075,2002,1.613
2026-10-09 21:37:06.506666,2000,1.612
2026-10-09 21:37:07.115540,2003,1.614
2026-10-09 21:37:07.927756,2001,1.613
2026-10-09 21:37:08.541328,2001,1.613
2026-10-09 21:37:09.348226,1999,1.611
2026-10-09 21:37:09.956036,2000,1.612
2026-10-09 21:37:10.564277,2001,1.613
2026-10-09 21:37:11.375148,2002,1.613
2026-10-09 21:37:11.984724,2003,1.614
2026-10-09 21:37:12.800743,1990,1.604
2026-10-09 21:37:13.407706,2003,1.614
2026-10-09 21:37:14.218556,2002,1.613
2026-10-09 21:37:14.826001,2001,1.613
2026-10-09 21:37:15.633993,2000,1.612
2026-10-09 21:37:16.246063,2001,1.613
2026-10-09 21:37:17.054069,2002,1.613
2026-10-09 21:37:17.663418,2001,1.613
2026-10-09 21:37:18.478794,1999,1.611
2026-10-09 21:37:19.084297,2002,1.613
2026-10-09 21:37:19.894033,2003,1.614
2026-10-09 21:37:20.503296,2003,1.614
2026-10-09 21:37:21.317643,2001,1.613
2026-10-09 21:37:21.925619,2004,1.615
2026-10-09 21:37:22.738160,2003,1.614
2026-10-09 21:37:23.343394,1999,1.611
2026-10-09 21:37:23.955523,2003,1.614
2026-10-09 21:37:24.782049,1999,1.611
2026-10-09 21:37:25.390910,2003,1.614
2026-10-09 21:37:26.201766,2001,1.613
2026-10-09 21:37:26.809440,1997,1.609
2026-10-09 21:37:27.620250,2001,1.613
2026-10-09 21:37:28.228778,2007,1.617
2026-10-09 21:37:29.040467,1999,1.611
2026-10-09 21:37:29.647358,2000,1.612
2026-10-09 21:37:30.473284,1999,1.611
2026-10-09 21:37:31.084764,2001,1.613
2026-10-09 21:37:31.893210,2000,1.612
2026-10-09 21:37:32.501634,1999,1.611
2026-10-09 21:37:33.311243,2002,1.613
2026-10-09 21:37:33.918775,1999,1.611
2026-10-09 21:37:34.528401,1999,1.611
2026-10-09 21:37:35.335039,1998,1.61
2026-10-09 21:37:35.943787,1999,1.611
2026-10-09 21:37:36.757203,1999,1.611
2026-10-09 21:37:37.362956,1999,1.611
2026-10-09 21:37:38.176687,1999,1.611
2026-10-09 21:37:38.783560,2003,1.614
2026-10-09 21:37:39.591569,2001,1.613
2026-10-09 21:37:40.200138,2001,1.613
2026-10-09 21:37:41.012137,2001,1.613
2026-10-09 21:37:41.619303,2002,1.613
2026-10-09 21:37:42.430437,2001,1.613
2026-10-09 21:37:43.040204,2001,1.613
2026-10-09 21:37:43.849180,2002,1.613
2026-10-09 21:37:44.456835,2000,1.612
2026-10-09 21:37:45.268403,1999,1.611
2026-10-09 21:37:45.877992,2003,1.614
2026-10-09 21:37:46.688671,2003,1.614
2026-10-09 21:37:47.296539,2003,1.614
2026-10-09 21:37:48.108166,1997,1.609
2026-10-09 21:37:48.717463,2002,1.613
2026-10-09 21:37:49.328395,2001,1.613
2026-10-09 21:37:50.149029,2002,1.613
2026-10-09 21:37:50.755237,1999,1.611
2026-10-09 21:37:51.569882,1999,1.611
2026-10-09 21:37:52.180921,2000,1.612
2026-10-09 21:37:52.993039,2001,1.613
2026-10-09 21:37:53.601208,1999,1.611
2026-10-09 21:37:54.408528,2003,1.614
2026-10-09 21:37:55.018219,2003,1.614
2026-10-09 21:37:55.829331,1999,1.611
2026-10-09 21:37:56.438304,2003,1.614
2026-10-09 21:37:57.253089,2006,1.617
2026-10-09 21:37:57.859854,1999,1.611
2026-10-09 21:37:58.666955,1999,1.611
2026-10-09 21:37:59.272936,2003,1.614
2026-10-09 21:38:00.086155,1999,1.611
2026-10-09 21:38:00.691527,2003,1.614
2026-10-09 21:38:01.500402,2002,1.613
2026-10-09 21:38:02.112541,2001,1.613
2026-10-09 21:38:02.724646,2001,1.613
2026-10-09 21:38:03.535717,2002,1.613
2026-10-09 21:38:04.144603,1999,1.611
2026-10-09 21:38:04.955234,1999,1.611
2026-10-09 21:38:05.564541,2002,1.613
2026-10-09 21:38:06.375835,2003,1.614
2026-10-09 21:38:06.986334,2003,1.614
2026-10-09 21:38:07.798042,1999,1.611
2026-10-09 21:38:08.415749,2003,1.614
2026-10-09 21:38:09.229971,1999,1.611
2026-10-09 21:38:09.840071,2003,1.614
2026-10-09 21:38:10.649939,1997,1.609
2026-10-09 21:38:11.258215,2003,1.614
2026-10-09 21:38:12.067544,2004,1.615
2026-10-09 21:38:12.679292,1999,1.611
2026-10-09 21:38:13.487937,1999,1.611
2026-10-09 21:38:14.095416,2001,1.613
2026-10-09 21:38:14.708492,1999,1.611
2026-10-09 21:38:15.516890,1999,1.611
2026-10-09 21:38:16.125319,2002,1.613
2026-10-09 21:38:16.938806,2002,1.613
2026-10-09 21:38:17.547431,2003,1.614
2026-10-09 21:38:18.357381,2003,1.614
2026-10-09 21:38:18.966262,1997,1.609
2026-10-09 21:38:19.776454,1999,1.611
2026-10-09 21:38:20.388045,1998,1.61
2026-10-09 21:38:21.201806,2003,1.614
2026-10-09 21:38:21.808566,1998,1.61
2026-10-09 21:38:22.616919,1998,1.61
2026-10-09 21:38:23.224977,2003,1.614
2026-10-09 21:38:24.034896,1999,1.611
2026-10-09 21:38:24.642051,2000,1.612
2026-10-09 21:38:25.456197,2001,1.613
2026-10-09 21:38:26.063203,2001,1.613
2026-10-09 21:38:26.870178,2001,1.613
2026-10-09 21:38:27.477904,2003,1.614
2026-10-09 21:38:28.294445,1999,1.611
2026-10-09 21:38:28.903485,2002,1.613
2026-10-09 21:38:29.513674,1998,1.61
2026-10-09 21:38:30.320590,2003,1.614
2026-10-09 21:38:30.925577,1998,1.61
2026-10-09 21:38:31.737227,2003,1.614
2026-10-09 21:38:32.344407,1999,1.611
2026-10-09 21:38:33.153117,2001,1.613
2026-10-09 21:38:33.763330,2000,1.612
2026-10-09 21:38:34.571252,2003,1.614
2026-10-09 21:38:35.182822,2003,1.614
2026-10-09 21:38:35.992146,1999,1.611
2026-10-09 21:38:36.599055,2002,1.613
2026-10-09 21:38:37.407787,1999,1.611
2026-10-09 21:38:38.014788,1997,1.609
2026-10-09 21:38:38.827032,2001,1.613
2026-10-09 21:38:39.435636,2002,1.613
2026-10-09 21:38:40.247794,1998,1.61
2026-10-09 21:38:40.856079,1998,1.61
2026-10-09 21:38:41.667176,1997,1.609
2026-10-09 21:38:42.274934,2001,1.613
2026-10-09 21:38:43.084421,1999,1.611
2026-10-09 21:38:43.696193,1999,1.611
2026-10-09 21:38:44.308312,1997,1.609
2026-10-09 21:38:45.118160,2003,1.614
2026-10-09 21:38:45.728042,2003,1.614
2026-10-09 21:38:46.538720,2003,1.614
2026-10-09 21:38:47.144215,2003,1.614
2026-10-09 21:38:47.954616,1999,1.611
2026-10-09 21:38:48.561293,2002,1.613
2026-10-09 21:38:49.372740,2002,1.613
2026-10-09 21:38:49.983366,1999,1.611
2026-10-09 21:38:50.796565,1999,1.611
2026-10-09 21:38:51.408633,1997,1.609
2026-10-09 21:38:52.219866,1999,1.611
2026-10-09 21:38:52.829196,1999,1.611
2026-10-09 21:38:53.642364,2000,1.612
2026-10-09 21:38:54.253446,1999,1.611
2026-10-09 21:38:55.065403,2002,1.613
2026-10-09 21:38:55.678154,2003,1.614
2026-10-09 21:38:56.291018,2003,1.614
2026-10-09 21:38:57.114033,1999,1.611
2026-10-09 21:38:57.725471,2002,1.613
2026-10-09 21:38:58.533386,1999,1.611
2026-10-09 21:38:59.142227,1998,1.61
2026-10-09 21:38:59.952550,2003,1.614
2026-10-09 21:39:00.559333,2003,1.614
2026-10-09 21:39:01.374873,2001,1.613
2026-10-09 21:39:01.979327,1998,1.61
2026-10-09 21:39:02.787288,2001,1.613
2026-10-09 21:39:03.396827,1999,1.611
2026-10-09 21:39:04.207913,2001,1.613
2026-10-09 21:39:04.815108,2003,1.614
2026-10-09 21:39:05.625980,1997,1.609
2026-10-09 21:39:06.232579,1999,1.611
2026-10-09 21:39:07.040775,2003,1.614
2026-10-09 21:39:07.649628,1999,1.611
2026-10-09 21:39:08.461099,2003,1.614
2026-10-09 21:39:09.071596,1998,1.61
2026-10-09 21:39:09.684185,2003,1.614
2026-10-09 21:39:10.491859,1999,1.611
2026-10-09 21:39:11.099242,1998,1.61
2026-10-09 21:39:11.910882,1999,1.611
2026-10-09 21:39:12.520959,2002,1.613
2026-10-09 21:39:13.333632,2011,1.621
2026-10-09 21:39:13.943355,2003,1.614
2026-10-09 21:39:14.760665,1999,1.611
2026-10-09 21:39:15.370902,1999,1.611
2026-10-09 21:39:16.181779,1999,1.611
2026-10-09 21:39:16.790031,2002,1.613
2026-10-09 21:39:17.599181,2001,1.613
2026-10-09 21:39:18.208414,2005,1.616
2026-10-09 21:39:19.019383,2003,1.614
2026-10-09 21:39:19.629268,1999,1.611
2026-10-09 21:39:20.435267,2003,1.614
2026-10-09 21:39:21.040483,2003,1.614
2026-10-09 21:39:21.850081,2002,1.613
2026-10-09 21:39:22.457501,1999,1.611
2026-10-09 21:39:23.269970,2002,1.613
2026-10-09 21:39:23.876920,1998,1.61
2026-10-09 21:39:24.485910,2003,1.614
2026-10-09 21:39:25.298850,2001,1.613
2026-10-09 21:39:25.904882,2003,1.614
2026-10-09 21:39:26.717319,1999,1.611
2026-10-09 21:39:27.326326,2003,1.614
2026-10-09 21:39:28.138642,1997,1.609
2026-10-09 21:39:28.748134,2003,1.614
2026-10-09 21:39:29.559532,1999,1.611
2026-10-09 21:39:30.170091,1998,1.61
2026-10-09 21:39:30.979470,2003,1.614
2026-10-09 21:39:31.586060,1999,1.611
2026-10-09 21:39:32.398525,1999,1.611
2026-10-09 21:39:33.003812,1998,1.61
2026-10-09 21:39:33.813465,1998,1.61
2026-10-09 21:39:34.423860,2003,1.614
2026-10-09 21:39:35.234538,1999,1.611
2026-10-09 21:39:35.845243,1999,1.611
2026-10-09 21:39:36.654285,2007,1.617
2026-10-09 21:39:37.261446,2003,1.614
2026-10-09 21:39:37.876236,1999,1.611
2026-10-09 21:39:38.699731,1999,1.611
2026-10-09 21:39:39.305416,1995,1.608
2026-10-09 21:39:40.118130,2003,1.614
2026-10-09 21:39:40.726271,2003,1.614
2026-10-09 21:39:41.534984,2003,1.614
2026-10-09 21:39:42.142468,2003,1.614
2026-10-09 21:39:42.952135,2002,1.613
2026-10-09 21:39:43.560710,2003,1.614
2026-10-09 21:39:44.381972,2001,1.613
2026-10-09 21:39:44.990110,1999,1.611
2026-10-09 21:39:45.807550,2001,1.613
2026-10-09 21:39:46.417509,2003,1.614
2026-10-09 21:39:47.232543,1999,1.611
2026-10-09 21:39:47.843419,1998,1.61
2026-10-09 21:39:48.453450,1999,1.611
2026-10-09 21:39:49.265648,2001,1.613
2026-10-09 21:39:49.873991,1999,1.611
2026-10-09 21:39:50.684832,1999,1.611
2026-10-09 21:39:51.293669,2003,1.614
2026-10-09 21:39:52.101479,2002,1.613
2026-10-09 21:39:52.710792,2003,1.614
2026-10-09 21:39:53.521801,2001,1.613
2026-10-09 21:39:54.127185,2001,1.613
2026-10-09 21:39:54.940479,2002,1.613
2026-10-09 21:39:55.549596,1999,1.611
2026-10-09 21:39:56.360616,2001,1.613
2026-10-09 21:39:56.967052,1999,1.611
2026-10-09 21:39:57.779129,1999,1.611
2026-10-09 21:39:58.386900,1999,1.611
2026-10-09 21:39:59.197202,1999,1.611
2026-10-09 21:39:59.808535,2002,1.613
2026-10-09 21:40:00.617173,1999,1.611
2026-10-09 21:40:01.225542,1999,1.611
2026-10-09 21:40:02.034652,1999,1.611
2026-10-09 21:40:02.640583,1999,1.611
2026-10-09 21:40:03.443278,1997,1.609
2026-10-09 21:40:04.051468,2002,1.613
2026-10-09 21:40:04.857550,2003,1.614
2026-10-09 21:40:05.467059,1998,1.61
2026-10-09 21:40:06.075460,1997,1.609
2026-10-09 21:40:06.887582,1999,1.611
2026-10-09 21:40:07.495890,1999,1.611
2026-10-09 21:40:08.303991,2002,1.613
2026-10-09 21:40:08.915599,1997,1.609
2026-10-09 21:40:09.728667,1997,1.609
2026-10-09 21:40:10.338093,1998,1.61
2026-10-09 21:40:11.147511,1999,1.611
2026-10-09 21:40:11.753638,2001,1.613
2026-10-09 21:40:12.566260,1999,1.611
2026-10-09 21:40:13.179416,1998,1.61
2026-10-09 21:40:13.988688,1999,1.611
2026-10-09 21:40:14.595708,1999,1.611
2026-10-09 21:40:15.406392,2003,1.614
2026-10-09 21:40:16.016815,2002,1.613
2026-10-09 21:40:16.828109,2004,1.615
2026-10-09 21:40:17.434816,1998,1.61
2026-10-09 21:40:18.246678,2003,1.614
2026-10-09 21:40:18.854720,1999,1.611
2026-10-09 21:40:19.463164,2003,1.614
2026-10-09 21:40:20.278645,2001,1.613
2026-10-09 21:40:20.884719,1999,1.611
2026-10-09 21:40:21.696302,1998,1.61
2026-10-09 21:40:22.307308,1997,1.609
2026-10-09 21:40:23.120873,2001,1.613
2026-10-09 21:40:23.728506,1999,1.611
2026-10-09 21:40:24.539344,1997,1.609
2026-10-09 21:40:25.147330,1999,1.611
2026-10-09 21:40:25.959905,2003,1.614
2026-10-09 21:40:26.566469,2002,1.613
2026-10-09 21:40:27.380568,2002,1.613
2026-10-09 21:40:27.990435,1991,1.604
2026-10-09 21:40:28.801818,1999,1.611
2026-10-09 21:40:29.410595,2003,1.614
2026-10-09 21:40:30.222645,2003,1.614
2026-10-09 21:40:30.832541,2003,1.614
2026-10-09 21:40:31.642146,2003,1.614
2026-10-09 21:40:32.251986,1999,1.611
2026-10-09 21:40:32.861808,1998,1.61
2026-10-09 21:40:33.671697,1997,1.609
2026-10-09 21:40:34.283671,2003,1.614
2026-10-09 21:40:35.096676,1999,1.611
2026-10-09 21:40:35.707103,2004,1.615
2026-10-09 21:40:36.514243,2003,1.614
2026-10-09 21:40:37.124761,2001,1.613
2026-10-09 21:40:37.938930,2003,1.614
2026-10-09 21:40:38.547746,1999,1.611
2026-10-09 21:40:39.359303,1999,1.611
2026-10-09 21:40:39.968648,2003,1.614
2026-10-09 21:40:40.780802,1999,1.611
2026-10-09 21:40:41.390870,2001,1.613
2026-10-09 21:40:42.211484,2001,1.613
2026-10-09 21:40:42.824659,1999,1.611
2026-10-09 21:40:43.436372,1995,1.608
2026-10-09 21:40:44.249621,1997,1.609
2026-10-09 21:40:44.855825,2002,1.613
2026-10-09 21:40:45.666637,1998,1.61
2026-10-09 21:40:46.279420,1999,1.611
2026-10-09 21:40:47.098363,2013,1.622
2026-10-09 21:40:47.707979,2004,1.615
2026-10-09 21:40:48.517885,2001,1.613
2026-10-09 21:40:49.123766,2001,1.613
2026-10-09 21:40:49.933730,1999,1.611
2026-10-09 21:40:50.541731,1999,1.611
2026-10-09 21:40:51.357239,1999,1.611
2026-10-09 21:40:51.963338,2001,1.613
2026-10-09 21:40:52.774667,2000,1.612
2026-10-09 21:40:53.382131,2002,1.613
2026-10-09 21:40:54.196384,2003,1.614
2026-10-09 21:40:54.802114,1999,1.611
2026-10-09 21:40:55.410587,2005,1.616
2026-10-09 21:40:56.221008,1999,1.611
2026-10-09 21:40:56.827482,2000,1.612
2026-10-09 21:40:57.639489,1997,1.609
2026-10-09 21:40:58.248021,1999,1.611
2026-10-09 21:40:59.054430,2001,1.613
2026-10-09 21:40:59.663711,1998,1.61
2026-10-09 21:41:00.475183,2003,1.614
2026-10-09 21:41:01.083934,1998,1.61
2026-10-09 21:41:01.896558,2001,1.613
2026-10-09 21:41:02.509908,2004,1.615
2026-10-09 21:41:03.321790,1999,1.611
2026-10-09 21:41:03.934596,2001,1.613
2026-10-09 21:41:04.745628,2001,1.613
2026-10-09 21:41:05.354272,1999,1.611
2026-10-09 21:41:06.163719,2003,1.614
2026-10-09 21:41:06.771619,1998,1.61
2026-10-09 21:41:07.581000,2003,1.614
2026-10-09 21:41:08.193037,1993,1.606
2026-10-09 21:41:08.801618,2002,1.613
2026-10-09 21:41:09.614199,2003,1.614
2026-10-09 21:41:10.223601,2003,1.614
2026-10-09 21:41:11.033594,2003,1.614
2026-10-09 21:41:11.641703,1998,1.61
2026-10-09 21:41:12.451758,2001,1.613
2026-10-09 21:41:13.059295,2003,1.614
2026-10-09 21:41:13.872024,1999,1.611
2026-10-09 21:41:14.477649,1999,1.611
2026-10-09 21:41:15.287185,2001,1.613
2026-10-09 21:41:15.895939,1999,1.611
2026-10-09 21:41:16.708744,2003,1.614
2026-10-09 21:41:17.317038,2001,1.613
2026-10-09 21:41:18.133685,1998,1.61
2026-10-09 21:41:18.743287,2001,1.613
2026-10-09 21:41:19.557492,1999,1.611
2026-10-09 21:41:20.179569,1999,1.611
2026-10-09 21:41:20.788046,2003,1.614
2026-10-09 21:41:21.599587,2003,1.614
2026-10-09 21:41:22.206321,1999,1.611
2026-10-09 21:41:23.016007,1999,1.611
2026-10-09 21:41:23.622328,2001,1.613
2026-10-09 21:41:24.436673,2002,1.613
2026-10-09 21:41:25.040994,1997,1.609
2026-10-09 21:41:25.854454,2001,1.613
2026-10-09 21:41:26.460770,1999,1.611
2026-10-09 21:41:27.274989,2003,1.614
2026-10-09 21:41:27.898807,1998,1.61
2026-10-09 21:41:28.710972,2004,1.615
2026-10-09 21:41:29.316865,2003,1.614
2026-10-09 21:41:30.129120,1995,1.608
2026-10-09 21:41:30.736513,1999,1.611
2026-10-09 21:41:31.346882,1999,1.611
2026-10-09 21:41:32.171332,1999,1.611
2026-10-09 21:41:32.776851,2023,1.63
2026-10-09 21:41:33.587103,1999,1.611
2026-10-09 21:41:34.195845,2001,1.613
2026-10-09 21:41:35.008513,2001,1.613
2026-10-09 21:41:35.615848,2003,1.614
2026-10-09 21:41:36.424922,2000,1.612
2026-10-09 21:41:37.036139,1999,1.611
2026-10-09 21:41:37.845072,2003,1.614
2026-10-09 21:41:38.453196,1998,1.61
2026-10-09 21:41:39.263562,2001,1.613
2026-10-09 21:41:39.872345,2003,1.614
2026-10-09 21:41:40.684772,2002,1.613
2026-10-09 21:41:41.293591,2001,1.613
2026-10-09 21:41:42.104017,2001,1.613
2026-10-09 21:41:42.709999,2005,1.616
2026-10-09 21:41:43.522466,2003,1.614
2026-10-09 21:41:44.129467,1999,1.611
2026-10-09 21:41:44.736254,2001,1.613
2026-10-09 21:41:45.546759,2003,1.614
2026-10-09 21:41:46.156137,1999,1.611
2026-10-09 21:41:46.967090,2002,1.613
2026-10-09 21:41:47.575928,2003,1.614
2026-10-09 21:41:48.388382,1999,1.611
2026-10-09 21:41:49.001687,1997,1.609
2026-10-09 21:41:49.816185,2002,1.613
2026-10-09 21:41:50.422895,2009,1.619
2026-10-09 21:41:51.233826,1999,1.611
2026-10-09 21:41:51.845070,1999,1.611
2026-10-09 21:41:52.659474,1998,1.61
2026-10-09 21:41:53.268495,1998,1.61
2026-10-09 21:41:54.076247,2002,1.613
2026-10-09 21:41:54.681450,1997,1.609
2026-10-09 21:41:55.494402,2003,1.614
2026-10-09 21:41:56.101944,1999,1.611
2026-10-09 21:41:56.714916,1998,1.61
2026-10-09 21:41:57.539041,1999,1.611
2026-10-09 21:41:58.146508,1998,1.61
2026-10-09 21:41:58.953034,1999,1.611
2026-10-09 21:41:59.560568,2003,1.614
2026-10-09 21:42:00.374739,1998,1.61
2026-10-09 21:42:00.979765,2003,1.614
2026-10-09 21:42:01.795133,1997,1.609
2026-10-09 21:42:02.402231,1997,1.609
2026-10-09 21:42:03.211286,2000,1.612
2026-10-09 21:42:03.820866,2003,1.614
2026-10-09 21:42:04.635349,2002,1.613
2026-10-09 21:42:05.244800,1999,1.611
2026-10-09 21:42:06.054208,2001,1.613
2026-10-09 21:42:06.663356,1998,1.61
2026-10-09 21:42:07.479807,1999,1.611
2026-10-09 21:42:08.086129,2003,1.614
2026-10-09 21:42:08.698119,2002,1.613
2026-10-09 21:42:09.508713,2003,1.614
2026-10-09 21:42:10.115646,1997,1.609
2026-10-09 21:42:10.927110,1999,1.611
2026-10-09 21:42:11.537024,1999,1.611
2026-10-09 21:42:12.347255,1999,1.611
2026-10-09 21:42:12.956337,2003,1.614
2026-10-09 21:42:13.767675,2001,1.613
2026-10-09 21:42:14.375284,2005,1.616
2026-10-09 21:42:15.185813,2003,1.614
2026-10-09 21:42:15.793067,1999,1.611
2026-10-09 21:42:16.604047,2002,1.613
2026-10-09 21:42:17.213808,1999,1.611
2026-10-09 21:42:18.028694,2004,1.615
2026-10-09 21:42:18.634491,2002,1.613
2026-10-09 21:42:19.447162,2001,1.613
2026-10-09 21:42:20.053017,1997,1.609
2026-10-09 21:42:20.865615,2000,1.612
2026-10-09 21:42:21.478048,1998,1.61
2026-10-09 21:42:22.098476,2002,1.613
2026-10-09 21:42:22.909037,2003,1.614
2026-10-09 21:42:23.517703,2003,1.614
2026-10-09 21:42:24.326278,2001,1.613
2026-10-09 21:42:24.929590,1999,1.611
2026-10-09 21:42:25.742993,2003,1.614
2026-10-09 21:42:26.353688,1999,1.611
2026-10-09 21:42:27.163711,2001,1.613
2026-10-09 21:42:27.772719,1997,1.609
2026-10-09 21:42:28.583741,1998,1.61
2026-10-09 21:42:29.192389,2003,1.614
2026-10-09 21:42:30.006537,2001,1.613
2026-10-09 21:42:30.615064,2001,1.613
2026-10-09 21:42:31.421924,2003,1.614
2026-10-09 21:42:32.032644,2003,1.614
2026-10-09 21:42:32.843967,1999,1.611
2026-10-09 21:42:33.450344,2001,1.613
2026-10-09 21:42:34.263794,2001,1.613
2026-10-09 21:42:34.871456,2002,1.613
2026-10-09 21:42:35.482881,2003,1.614
2026-10-09 21:42:36.306177,1999,1.611
2026-10-09 21:42:36.916340,1999,1.611
2026-10-09 21:42:37.727689,2000,1.612
2026-10-09 21:42:38.334885,1999,1.611
2026-10-09 21:42:39.146084,1999,1.611
2026-10-09 21:42:39.751708,1998,1.61
2026-10-09 21:42:40.568283,1999,1.611
2026-10-09 21:42:41.174533,2002,1.613
2026-10-09 21:42:41.988523,1999,1.611
2026-10-09 21:42:42.595545,2002,1.613
2026-10-09 21:42:43.408380,1999,1.611
2026-10-09 21:42:44.016978,1998,1.61
2026-10-09 21:42:44.839727,2005,1.616
2026-10-09 21:42:45.449038,1996,1.608
2026-10-09 21:42:46.059171,2002,1.613
2026-10-09 21:42:46.882000,2003,1.614
2026-10-09 21:42:47.487913,2002,1.613
2026-10-09 21:42:48.299458,1999,1.611
2026-10-09 21:42:48.907308,1999,1.611
2026-10-09 21:42:49.719140,1999,1.611
2026-10-09 21:42:50.327626,2003,1.614
2026-10-09 21:42:51.139208,1998,1.61
2026-10-09 21:42:51.751572,1999,1.611
2026-10-09 21:42:52.561226,2004,1.615
2026-10-09 21:42:53.167719,1998,1.61
2026-10-09 21:42:53.975630,2000,1.612
2026-10-09 21:42:54.582860,1999,1.611
2026-10-09 21:42:55.392322,2001,1.613
2026-10-09 21:42:56.000630,1999,1.611
2026-10-09 21:42:56.810416,2002,1.613
2026-10-09 21:42:57.418764,1999,1.611
2026-10-09 21:42:58.230840,2001,1.613
2026-10-09 21:42:58.838799,1999,1.611
2026-10-09 21:42:59.449155,2003,1.614
2026-10-09 21:43:00.272397,1982,1.597
2026-10-09 21:43:00.880298,2002,1.613
2026-10-09 21:43:01.691602,2002,1.613
2026-10-09 21:43:02.299089,2003,1.614
2026-10-09 21:43:03.116419,2001,1.613
2026-10-09 21:43:03.727141,1989,1.603
2026-10-09 21:43:04.538273,1989,1.603
2026-10-09 21:43:05.145240,1349,1.087
2026-10-09 21:43:05.958665,1353,1.09
2026-10-09 21:43:06.565304,1119,0.902
2026-10-09 21:43:07.376602,493,0.397
2026-10-09 21:43:07.985530,397,0.32
2026-10-09 21:43:08.795355,1,0.001
2026-10-09 21:43:09.405191,1,0.001
2026-10-09 21:43:10.012421,0,0.0
2026-10-09 21:43:10.822227,1,0.001
2026-10-09 21:43:11.432068,1,0.001
2026-10-09 21:43:12.248741,1,0.001
2026-10-09 21:43:12.860755,1,0.001
2026-10-09 21:43:13.671040,0,0.0
2026-10-09 21:43:14.278891,1,0.001
2026-10-09 21:43:15.093190,0,0.0
2026-10-09 21:43:15.703946,0,0.0
2026-10-09 21:43:16.511141,1,0.001
2026-10-09 21:43:17.120285,1,0.001
2026-10-09 21:43:17.931799,1,0.001
2026-10-09 21:43:18.542615,1,0.001
2026-10-09 21:43:19.152384,0,0.0
2026-10-09 21:43:19.960809,1,0.001
2026-10-09 21:43:20.566084,1,0.001
2026-10-09 21:43:21.382520,2,0.002
2026-10-09 21:43:21.991655,1,0.001
2026-10-09 21:43:22.802357,1,0.001
2026-10-09 21:43:23.409755,0,0.0
2026-10-09 21:43:24.220952,1,0.001
2026-10-09 21:43:24.830244,1,0.001
2026-10-09 21:43:25.640266,1,0.001
2026-10-09 21:43:26.246503,0,0.0
2026-10-09 21:43:26.855280,0,0.0
2026-10-09 21:43:27.664093,0,0.0
2026-10-09 21:43:28.275689,1,0.001
2026-10-09 21:43:29.088568,1,0.001
2026-10-09 21:43:29.696643,0,0.0
2026-10-09 21:43:30.518120,1,0.001
2026-10-09 21:43:31.128954,0,0.0
2026-10-09 21:43:31.943900,0,0.0
2026-10-09 21:43:32.550020,2,0.002
2026-10-09 21:43:33.364723,0,0.0
2026-10-09 21:43:33.975429,2,0.002
2026-10-09 21:43:34.580704,1,0.001
2026-10-09 21:43:35.394468,1,0.001
2026-10-09 21:43:36.002380,0,0.0
2026-10-09 21:43:36.809524,1,0.001
2026-10-09 21:43:37.416292,86,0.069
2026-10-09 21:43:38.227465,322,0.259
2026-10-09 21:43:38.834516,468,0.377
2026-10-09 21:43:39.643844,668,0.538
2026-10-09 21:43:40.252352,876,0.706
2026-10-09 21:43:41.061400,1037,0.836
2026-10-09 21:43:41.668330,1071,0.863
2026-10-09 21:43:42.479798,1114,0.898
2026-10-09 21:43:43.087020,1367,1.102
2026-10-09 21:43:43.896660,1541,1.242
2026-10-09 21:43:44.509288,1662,1.339
2026-10-09 21:43:45.323472,1775,1.43
2026-10-09 21:43:45.930799,1867,1.505
2026-10-09 21:43:46.540174,2044,1.647
2026-10-09 21:43:47.350656,2153,1.735
2026-10-09 21:43:47.957650,2192,1.766
2026-10-09 21:43:48.769451,2317,1.867
2026-10-09 21:43:49.379685,2675,2.156
2026-10-09 21:43:50.191058,2867,2.31
2026-10-09 21:43:50.798511,3071,2.475
2026-10-09 21:43:51.608211,3329,2.683
2026-10-09 21:43:52.217692,3519,2.836
2026-10-09 21:43:53.028898,3655,2.945
2026-10-09 21:43:53.635449,3657,2.947
2026-10-09 21:43:54.447340,4050,3.264
2026-10-09 21:43:55.057120,4095,3.3
2026-10-09 21:43:55.863681,4094,3.299
2026-10-09 21:43:56.472106,4095,3.3
2026-10-09 21:43:57.280619,4095,3.3
2026-10-09 21:43:57.892698,4095,3.3
2026-10-09 21:43:58.702827,4095,3.3
2026-10-09 21:43:59.311511,4095,3.3
2026-10-09 21:44:00.123429,4095,3.3
2026-10-09 21:44:00.732435,4095,3.3
2026-10-09 21:44:01.542211,4095,3.3
2026-10-09 21:44:02.151399,4095,3.3
2026-10-09 21:44:02.756953,4094,3.299
2026-10-09 21:44:03.567047,4094,3.299
2026-10-09 21:44:04.173799,4095,3.3
2026-10-09 21:44:04.983600,4095,3.3
2026-10-09 21:44:05.591616,4095,3.3
2026-10-09 21:44:06.403510,4095,3.3
2026-10-09 21:44:07.010959,4095,3.3
2026-10-09 21:44:07.824274,4095,3.3
2026-10-09 21:44:08.432562,4095,3.3
2026-10-09 21:44:09.243082,4095,3.3
2026-10-09 21:44:09.849481,4095,3.3
2026-10-09 21:44:10.661159,4094,3.299
2026-10-09 21:44:11.267215,4093,3.298
2026-10-09 21:44:12.078190,4095,3.3
2026-10-09 21:44:12.699905,4095,3.3
2026-10-09 21:44:13.514082,4094,3.299
2026-10-09 21:44:14.120616,4095,3.3
2026-10-09 21:44:14.930541,4095,3.3
2026-10-09 21:44:15.540094,4093,3.298
2026-10-09 21:44:16.148337,4093,3.298
2026-10-09 21:44:16.960376,4093,3.298
2026-10-09 21:44:17.567989,4095,3.3
2026-10-09 21:44:18.378664,4095,3.3
2026-10-09 21:44:18.985883,4095,3.3
2026-10-09 21:44:19.797115,4095,3.3
2026-10-09 21:44:20.404354,4095,3.3
2026-10-09 21:44:21.219729,4095,3.3
2026-10-09 21:44:21.828693,4095,3.3
2026-10-09 21:44:22.636918,4095,3.3
2026-10-09 21:44:23.245440,3778,3.045
2026-10-09 21:44:24.054317,3493,2.815
2026-10-09 21:44:24.662218,3159,2.546
2026-10-09 21:44:25.474682,3025,2.438
2026-10-09 21:44:26.079895,3581,2.886
2026-10-09 21:44:26.890098,3977,3.205
2026-10-09 21:44:27.495874,3578,2.883
2026-10-09 21:44:28.309617,3042,2.451
2026-10-09 21:44:28.918243,2776,2.237
2026-10-09 21:44:29.729918,2895,2.333
2026-10-09 21:44:30.336168,3945,3.179
2026-10-09 21:44:30.945901,3959,3.19
2026-10-09 21:44:31.761168,3171,2.555
2026-10-09 21:44:32.371807,3239,2.61
2026-10-09 21:44:33.180699,4093,3.298
2026-10-09 21:44:33.788230,3785,3.05
2026-10-09 21:44:34.601615,2917,2.351
2026-10-09 21:44:35.210882,3475,2.8
2026-10-09 21:44:36.021209,3927,3.165
2026-10-09 21:44:36.629438,3251,2.62
2026-10-09 21:44:37.441736,2885,2.325
2026-10-09 21:44:38.049687,3799,3.061
2026-10-09 21:44:38.862278,3675,2.962
2026-10-09 21:44:39.470096,2771,2.233
2026-10-09 21:44:40.282059,2781,2.241
2026-10-09 21:44:40.890743,2775,2.236
2026-10-09 21:44:41.701420,2777,2.238
2026-10-09 21:44:42.308284,2780,2.24
2026-10-09 21:44:42.919468,2779,2.239
2026-10-09 21:44:43.743936,2775,2.236
2026-10-09 21:44:44.352415,2777,2.238
2026-10-09 21:44:45.161070,2781,2.241
2026-10-09 21:44:45.770066,2781,2.241
2026-10-09 21:44:46.580207,2779,2.239
2026-10-09 21:44:47.189915,2780,2.24
2026-10-09 21:44:48.001899,2774,2.235
2026-10-09 21:44:48.606643,2781,2.241
2026-10-09 21:44:49.419721,2777,2.238
2026-10-09 21:44:50.031070,2775,2.236
2026-10-09 21:44:50.852570,2777,2.238
2026-10-09 21:44:51.463087,2777,2.238
2026-10-09 21:44:52.268539,2775,2.236
2026-10-09 21:44:52.879097,2777,2.238
2026-10-09 21:44:53.689727,2775,2.236
2026-10-09 21:44:54.298350,2775,2.236
2026-10-09 21:44:54.906145,2779,2.239
2026-10-09 21:44:55.717874,2775,2.236
2026-10-09 21:44:56.325876,2779,2.239
2026-10-09 21:44:57.135334,2775,2.236
2026-10-09 21:44:57.743958,2773,2.235
2026-10-09 21:44:58.554081,2777,2.238
2026-10-09 21:44:59.163293,2779,2.239
2026-10-09 21:44:59.971040,2779,2.239
2026-10-09 21:45:00.575964,2777,2.238
